broad_sample	gene	pert_type	control_type	target_sequence	negcon_control_type
BRDN0001480888	HIF1A	trt		TATGTGTGAATTACGTTGTG	
BRDN0001483495	CATSPER4	trt		CCGACCGTAGGACTCGTGAA	
BRDN0001147364	DDR2	trt		CCGTGACAAACCGAGCACTG	
BRDN0001490272	OPRL1	trt		AACGGGAACACCGACAACAG	
BRDN0001480510	SLC7A11	trt		GAAGAGATTCAAGTATTACG	
BRDN0001487636	FFAR2	trt		GTATTGAACGATGATCACGA	
BRDN0001484752	KCNMA1	trt		ATACGGGGGCTCCTATAGTG	
BRDN0001485022	HRH4	trt		CCCATTCGAACAGCGTGTGA	
BRDN0001488469	GHSR	trt		CATCTTCGTGCTAGTCGGGG	
BRDN0001479055	ALDH2	trt		TGAAGAAGTCTCCGTCAATG	
BRDN0001488387	OPRL1	trt		CCTACCCCTCAGGATTACTG	
BRDN0001487915	COMT	trt		ACTGTGCCGCCATCACCCAG	
BRDN0001147100		control	negcon	ACAGCGCTCTCGTGTACTAT	NO_SITE (5 zeros)
BRDN0001477683		control	negcon	TTTACGATCTAGCGGCGTAG	NO_SITE (5 zeros)
BRDN0001488235	PTPN2	trt		CCATGACTATCCTCATAGAG	
BRDN0001483003	KCNQ2	trt		GTGGCAGTACTACGAGCGAA	
BRDN0001489066	ITGB2	trt		TCAGGGTGCGTGTTCACGAA	
BRDN0001487864	S1PR1	trt		ACAAGCTCACTCCCGCCCAG	
BRDN0001480412	FOXM1	trt		CTTTGAAAGACATCTATACG	
BRDN0001148417	MAPK14	control	poscon_orf	TGATGAAATGACAGGCTACG	
BRDN0001489686	SLCO2B1	trt		CGATGCCCACGATGACCGAA	
BRDN0001481331	KCNN4	trt		TCACCATGACTCCAGTGCAC	
BRDN0001481599	GRIN2A	trt		TGAGGAACACCGTGCCATGT	
BRDN0001487543	FFAR2	trt		TGTAGAAGCCAAAACTCGTG	
BRDN0001487247	CACNB4	trt		CAGCGGTTGATTAAATCTAG	
BRDN0001490654		control	negcon	TCTCGTAGCCTAATGCGCCA	NO_SITE (5 zeros)
BRDN0001147906	DDR2	trt		AAGTTGATGACAGCAACACT	
BRDN0001484748	HSP90AB1	trt		TGTCCATGATGAACACACGG	
BRDN0000987760	CSK	trt		GTACAAAGCCAAAAACAAGG	
BRDN0001485957	AKR1C1	trt		TGGCACCTATGCGCCTGCAG	
BRDN0001482877	CHRM2	trt		GATGAGCAGATTCATAACTG	
BRDN0000735610	TGFBR1	trt		GTTTGGAGAGGAAAGTGGCG	
BRDN0001487881	TGM2	trt		CTGGATCCAGTCTACCACGT	
BRDN0001489575	HSP90AB1	trt		CTCACACCTTGACTGCCAAG	
BRDN0001144968	CSK	trt		CATTAAACCAAAGGTCATGG	
BRDN0001488751	PTPN2	trt		TGTCATGCTGAACCGCATTG	
BRDN0000579732		control	negcon	GGATACCTGGGCCGACTTTC	NO_SITE (5 zeros)
BRDN0001493988	CDK4	trt		AAGAGTGTGAGAGTCCCCAA	
BRDN0001483194	LPAR1	trt		GGGTATAGCACCCATAACGA	
BRDN0001484703	CHRM3	trt		AGCCAGACCGATCATCACAC	
BRDN0001483238	UGT1A9	trt		TTCAACTTCATATACCCTGG	
BRDN0001485605	HPGDS	trt		TCCAAGTCTTGCATAAGATG	
BRDN0001479972	GHSR	trt		GGTACTGCCAGAGGCGAACG	
BRDN0001480921	CHRM3	trt		CTGTGCCGATCTGATTATCG	
BRDN0001061130	ADORA2A	trt		TGGCTTGGTGACCGGCACGA	
BRDN0001066064	CCND1	trt		GGTTGGCATCGGGGTACGCG	
BRDN0001485421	KCNN1	trt		GCACCTCTCGCAGACGCGCA	
BRDN0001147538	ABL1	trt		TCAGTGATGATATAGAACGG	
BRDN0001487345	SSTR2	trt		AGCCCAGCATATATCATGAT	
BRDN0001488886	HSP90AA1	control	poscon_diverse	TCTCACGGGATATGTTTAGA	
BRDN0001479766	TUBB4B	trt		GCTGGATGTTGTGAGAAAGG	
BRDN0001057455	EZH2	control	poscon_cp	AGAAGGGACCAGTTTGTTGG	
BRDN0001484506	PNLIP	trt		TTCCGTAATTCCTGACCATG	
BRDN0001479298	CYP2A6	trt		GTTTCCAATGAAGGGCAATG	
BRDN0001146959	CSF1R	trt		ACGCTACCTTCCAAAACACG	
BRDN0001480465	S100B	trt		ATTGGTGGAAAACGTCGATG	
BRDN0001487280	PDE7A	trt		GGATTTGAATCAGAAAGAAG	
BRDN0000579780		control	negcon	CCGCGCATTTCAGAGCACAA	NO_SITE (5 zeros)
BRDN0001148995		control	negcon	TCGATCGAGGTTGCATTCGG	NO_SITE (5 zeros)
BRDN0001054845	AURKB	control	poscon_cp	GCTCCTTGTAGAGCTCCCCG	
BRDN0001482005	CDC25A	trt		TTTGTAGTTCTCATGACGAG	
BRDN0000580246		control	negcon	GCCTGCCCTAAACCCCGGAA	NO_SITE (5 zeros)
BRDN0001147797		control	negcon	GTCCTCATCCGGTCAGGCTG	ONE_INTERGENIC_SITE
BRDN0001480346	KCNK1	trt		ACCGTGCCCTTGTCAGATGG	
BRDN0001480930	PNLIP	trt		TTTGGAATGAGCCAAGTCGT	
BRDN0001489794	CA14	trt		CCAGGCTGGTCATATCCGTG	
BRDN0000734502	ICAM1	trt		GCTCAGTTACTCACAGTACA	
BRDN0001483314	GPR55	trt		TCCCTATCTACAGTTTCCAT	
BRDN0001480242	PDE7A	trt		GTGAAGATCTAAGATATCGC	
BRDN0001487618	OPRM1	trt		AATGTATCGATCAACACTCA	
BRDN0001065457	VEGFA	trt		GGAGGGCAGAATCATCACGA	
BRDN0001485843	KCNN1	trt		AAATGAGGGCATAGTCGCTG	
BRDN0001483052	ADH1C	trt		CACCTTCTCCCAGTACACAG	
BRDN0001489555	KCTD16	trt		CTTCCACAAACCAAAATCCG	
BRDN0001482043	CYP3A4	trt		CACCAGTGGAAAACTCAAGG	
BRDN0001485604	AVPR1A	trt		TGCATGCGGGACGTCTTGCG	
BRDN0001485726	CDC25A	trt		TGATTATGAGCAACCACTGG	
BRDN0001065508	MAPK8	trt		AGAAACTGCAACCAACAGTA	
BRDN0001484319	KCTD16	trt		AGAGTGTGGATTCCACATGG	
BRDN0001480594	TNNC1	trt		GTGCTCACTTGTCAAACATG	
BRDN0001486784	GABRB2	control	poscon_diverse	TAACCAGCGACATATTACTA	
BRDN0001477909		control	negcon	CAGGAGTCGCCGATACGCGT	NO_SITE (9 zeros)
BRDN0001144750		control	negcon	GGATTAATTCGCTAAATGAT	NO_SITE (5 zeros)
BRDN0001065244	MAPK8	trt		TGATATTAGATATTGATCAG	
BRDN0001480861	MMP2	trt		GAAGTATGGGAACGCCGATG	
BRDN0001146060		control	negcon	GATTCATACTAAACACTCTA	NO_SITE (5 zeros)
BRDN0001477792		control	negcon	GTAAGGCCCGCGTACGAGCT	NO_SITE (5 zeros)
BRDN0001058343	RET	control	poscon_diverse	TAGCCAGCTTTAATCCCCCG	
BRDN0001484730	NAMPT	control	poscon_diverse	CTGTTCCAGCAGCAGAACAC	
BRDN0001488073	CASP3	trt		GTCCAGTTCTGTACCACGGC	
BRDN0001481569	CYP3A4	trt		TTGGGCCACGAGCTCCAGAT	
BRDN0001054815	KRAS	control	poscon_diverse	CAGTACATGAGGACTGGGGA	
BRDN0001480426	S100B	trt		GCTGAAGAAATCCGAACTGA	
BRDN0001149473	BTK	trt		CTGTGTTTGCTAAATCCACA	
BRDN0001147649		control	negcon	CGGCCGCATCCTGTTATATT	NO_SITE (5 zeros)
BRDN0001483817	SLC29A1	trt		TACACGGCCCCCATCATGAG	
BRDN0001483355	FFAR4	trt		CCCTTGACGTCGGAGAAGAA	
BRDN0001065000	PPARD	trt		AGGAGCCCCAGAGCTCAATG	
BRDN0000564018	BAX	trt		CTTCATGATCTGCTCAGAGC	
BRDN0001485794	MMP2	trt		GTCCGTCCTTACCGTCAAAG	
BRDN0001489262	RGS4	trt		GTGGGAAGAATTGTGTTCAC	
BRDN0001146436		control	negcon	GGCTTACGTGGGGGGCAAAA	NO_SITE (5 zeros)
BRDN0001484045	CASP3	trt		ATTGTGGAATTGATGCGTGA	
BRDN0001162216	CDK7	control	poscon_diverse	TTAAAAACCTTACCCTATGT	
BRDN0001490325	PPAT	trt		ACTTCATGGGAAGATAGCTG	
BRDN0001484642	KCNJ1	trt		AACGCAGTGATCAGCAAACG	
BRDN0001480293	ATP5F1D	trt		CAACAACTGCACCGAAGAGT	
BRDN0001145239	PDPK1	trt		TCTGCTTTAGAGTACTTGCA	
BRDN0001477793		control	negcon	GGGCCCGCATAGGATATCGC	NO_SITE (6 zeros)
BRDN0001065819	IGF1R	control	poscon_cp	GGTACAATGTGAAAGGCCGA	
BRDN0000734703	MET	control	poscon_cp	TTACTTCTTGACGGTCCAAA	
BRDN0001486172	GLRA3	trt		GATATTCACTGTACGCGAGG	
BRDN0001065162	PIK3CG	control	poscon_diverse	TGGCGGCGGACTTCTACCAC	
BRDN0001481237	KCNMA1	trt		GGAGGTCATCCAGCCGACCT	
BRDN0001480267	TBXAS1	trt		TGATTTCATAGCCAGCGATG	
BRDN0001485538	KCNJ1	trt		TGTACGCTACTGCATACCAC	
BRDN0001065841	PLD1	trt		ACAGCTATAGACATGCTCGG	
BRDN0001481027	DHH	trt		CAGGATTCACTCCACTACGA	
BRDN0001054985	AKT1	control	poscon_diverse	GCTCCTCAGGAGTCTCCACA	
BRDN0000563627	KRAS	control	poscon_diverse	TCTCGACACAGCAGGTCAAG	
BRDN0001147786	CDK2	control	poscon_orf	CAAATATTATTCCACAGCTG	
BRDN0001480092	PARP3	trt		AGCAAGCAACAGATTGCACG	
BRDN0001144995	PLK1	control	poscon_diverse	AGCCAAGCACAATTTGCCGT	
BRDN0001149518	ATM	trt		TCATCACCAAGTTCGCATGT	
BRDN0001489452	IMPDH1	control	poscon_diverse	GACGCCAAGGATTGAACTGG	
BRDN0001485619	GLRA3	trt		TGTAGTCATCGTTAGCACAG	
BRDN0001149198		control	negcon	GTATTACTGATATTGGTGGG	ONE_INTERGENIC_SITE
BRDN0001488082	TUBB3	trt		CTGGGCCAAGGGTCACTACA	
BRDN0001054801	BRAF	control	poscon_orf	TATAACCACATGTTTGACAG	
BRDN0001480931	HBB	trt		TCTGCCGTTACTGCCCTGTG	
BRDN0001145318	LYN	trt		TTACTATAACAACAGTACCA	
BRDN0001485150	FOXM1	trt		ACCAGGTATGAGCTGACCCG	
BRDN0001483788	ANXA1	trt		TCACACCAAAGTCCTCAGAT	
BRDN0001486382	ANXA1	trt		AGAAATCAGAGACATTAACA	
BRDN0001485965	CCR1	trt		AAATACCAAGGAGTACAGAG	
BRDN0001488805	IMPDH1	control	poscon_diverse	TCTCACAGGACTCGTCCCAA	
BRDN0001147509	ALK	trt		CTCTATTGCAGTTAGCGGAG	
BRDN0000582721	HDAC3	control	poscon_cp	AGCAACCCAGCTGAACAACA	
BRDN0000732963	PTGIR	trt		CCAGCACCGCGAAGGCCGAG	
BRDN0001054037	PLK1	control	poscon_diverse	GCCCCAGCACATCAACCCCG	
BRDN0000732970	PTGIR	trt		GCGAAGGCCGAGGGGCGCGC	
BRDN0001486630	FFAR4	trt		TCTTCCGAGTCGTCCCGCAA	
BRDN0001149033	ATM	trt		GACCTACCTGAATAACACAC	
BRDN0001481315	PPAT	trt		CTGGTATTGTGACTAGTGAT	
BRDN0001481176	RPL23A	trt		TAAAGCTGAAGCCAAAGCGA	
BRDN0001487815	CA14	trt		CTGGTGTTCTGACCCCCCTG	
BRDN0001145324	FLT3	control	poscon_cp	GGTGCTTTGCGATTCACAGG	
BRDN0001484783	MME	trt		GTTGTACCATAAAGGGCCTA	
BRDN0001483527	CTSG	trt		ATGGTCCGCTGATTATATTG	
BRDN0001146001		control	negcon	TGTTCTACTTTCGAAGTTAA	NO_SITE (5 zeros)
BRDN0001482384	ATP5F1D	trt		CGCAGCGCCCGAACCTGCGT	
BRDN0001145608	PAK4	control	poscon_diverse	CCGGTTCGCCGGTCACAGCG	
BRDN0001487003	GPR119	trt		GCTACTTGAAGATCATGAGT	
BRDN0001488543	SCNN1G	trt		GCACATCGAGTCCAAGCAAG	
BRDN0001486377	GJB4	trt		GCTTGCGCTCGCGTTCCTCG	
BRDN0001488344	VEGFA	trt		GGAGGAAGAGTAGCTCGCCG	
BRDN0001147780		control	negcon	CCAGGCTGAAGTTCGTACCT	NO_SITE (5 zeros)
BRDN0001480034	S1PR4	trt		AGCCGCGTCTACGGCTTCAT	
BRDN0001481686	IL1B	trt		CTTCGACACATGGGATAACG	
BRDN0001483506	F10	trt		GAGGAAAACGAGGGTTTCTG	
BRDN0001488696	MME	trt		TCTCGGCATCCATCCAAGTG	
BRDN0001482390	ELANE	trt		CCGGCCCCCCACAATCTCCG	
BRDN0001484416	RPL3	trt		CCGTGTCATTGCCCACACCC	
BRDN0001148320	ERBB2	control	poscon_cp	AACTACCTTTCTACGGACGT	
BRDN0001065558	MET	control	poscon_cp	CCGATCGCACACATTTGTCG	
BRDN0000579759		control	negcon	GCTGCGGCGAGATCACATAA	NO_SITE (5 zeros)
BRDN0001481654	F10	trt		AGGCCCCTGACAGCATCACA	
BRDN0001482725	GPR55	trt		GAAGTAAAGGCACTCCACCA	
BRDN0001484659	AKR1B1	trt		CATGGGCACAGTCGATGTGG	
BRDN0001481083	IL1B	trt		CATGGCCACAACAACTGACG	
BRDN0001148372		control	negcon	GAGATGATAACTTAATTTGT	ONE_INTERGENIC_SITE
BRDN0001479432	GUCY1B1	trt		TGAACCTGGACGATTTGACA	
BRDN0001481097	ADRA2B	trt		GGTAGACAAGGATCATGATG	
BRDN0001147690	HCK	trt		AATGGCCTCGTAATCATACA	
BRDN0001486748	HRH4	trt		TGAGATGATCACGCTTCCAC	
BRDN0001483208	P3H1	trt		CTCTTCGCTGAGCGAGTGGG	
BRDN0001485334	CA5A	trt		GGAATTTGACGATGCCACCG	
BRDN0001058011	RET	control	poscon_diverse	TGCATCGAAGACACGCAGCG	
BRDN0001483257	HSP90AA1	control	poscon_diverse	GATCAAAAGGAGCACGTCGT	
BRDN0000580015		control	negcon	ATCAAGTCAGGTTATGCGGG	NO_SITE (5 zeros)
BRDN0001148859	DCK	trt		TCAAGAAAATCTCCATCGAA	
BRDN0001065152	PIK3CG	control	poscon_diverse	ACTTAACCCTCTCACAGCAG	
BRDN0001481327	NAMPT	control	poscon_diverse	AATAGTATCAAGAAGTACAC	
BRDN0001486858	TNF	trt		AGAGCTCTTACCTACAACAT	
BRDN0000579738	ERBB2	control	poscon_cp	ACTTGTGCAGAATTCGTCCC	
BRDN0000734459	ICAM1	trt		GTTTCAGCTCCTTCTCCCCA	
BRDN0001478949	RNASE1	trt		CCTCATCATTTGGTTACAGT	
BRDN0001147450	CDK7	control	poscon_diverse	AGCTCCAAATAGTAACTCGG	
BRDN0001489053	PTGIS	trt		GGACCCACACTCCTACGACG	
BRDN0001483295	PRKCE	trt		GGGCAATGTAGGGGTCGAGA	
BRDN0000990355	FPR1	trt		CTACAGTACCTGGTAAAACG	
BRDN0001485228	FGF1	trt		TGAGCCGTATAAAAGCCCGT	
BRDN0001162576	CDK9	trt		CCAGAGTGTCACCACACGGT	
BRDN0001146476		control	negcon	ACTAGCCTGTTCGCGAGTAG	NO_SITE (5 zeros)
BRDN0001487328	CACNB4	trt		GGACCGGGAAGCAATTCGAC	
BRDN0001485154	SLCO2B1	trt		GCCCCATAGCCAATCATTCG	
BRDN0001144938	KDR	trt		TAATGTACACGACTCCATGT	
BRDN0001486852	EDNRB	trt		GGGTGGCGTCATTATCTCTG	
BRDN0001485349	ASIC1	trt		TGTCTGGTATCTCATACCTG	
BRDN0001490153	AVPR1A	trt		ACGGCGTCGCGCCAGAGCAA	
BRDN0001487070	DCK	trt		TTTGAGCTTGCCATTCAGAG	
BRDN0001065674	JAK1	control	poscon_cp	GCCTAGACAGCACCGTAATG	
BRDN0000562882	BRAF	control	poscon_orf	CCCGAGGCCGGCGCCGGCGC	
BRDN0001487270	PLA2G1B	trt		GGAACTGCCACACGGCCCGA	
BRDN0001487761	FGF1	trt		CTCCTCTACTGTAGCAACGG	
BRDN0001480275	TUBB4B	trt		CAAAGTGTCAGACACAGTGG	
BRDN0001482955	ADRA2B	trt		CGGACACTCGAAGTCCACTG	
BRDN0001146892	CSF1R	trt		GCTGCCTTACAACGAGAAGT	
BRDN0000733514	BRD4	control	poscon_cp	CCAACCCTAACAAGCCCAAG	
BRDN0001489809	TUBB	control	poscon_diverse	CATTGTAGTACACAGAGATG	
BRDN0000581508	AGER	trt		GTGGCTCACCCCACAGACTG	
BRDN0000562836	AKT1	control	poscon_diverse	ATCCATGGGTAGGAACACCA	
BRDN0001149376	FLT3	control	poscon_cp	GTAACCAAAGCTGATTGACT	
BRDN0001477830		control	negcon	AGTTGAATGGACCTCGACTA	NO_SITE (5 zeros)
BRDN0001485038	S1PR2	trt		GAGCAAGGTATTGGCTACGA	
BRDN0000563501	PDE4D	trt		TATTGCGACATGAAAGTCTC	
BRDN0001481651	KCNN4	trt		GAGAGCGCCGATGCTGCGGT	
BRDN0001482049	S1PR2	trt		GAAACAGGTACATTGCCGAG	
BRDN0000585854	CHEK2	control	poscon_diverse	TGAATCCACAGCTCTACCCC	
BRDN0001488321	PRKCE	trt		GCACCGCTTGTGGACCACGC	
BRDN0001489609	EDNRB	trt		GCACCTGCGGAGGTGCCTAA	
BRDN0001145662		control	negcon	CGAAGTCTTTCTTAGATGGT	NO_SITE (5 zeros)
BRDN0001479698	RNASE1	trt		GACATTCTGGACATCTACCA	
BRDN0001145958	PAK1	control	poscon_cp	TTCTGTCACCACATCTGTCA	
BRDN0001481198	TUBB3	trt		GAGCATGGCATCGACCCCAG	
BRDN0000582784	HDAC6	trt		CTTGCGGATCATGTGCCGTC	
BRDN0001488241	TUBB	control	poscon_diverse	CTGCATTCCAGGTCAGTCTG	
BRDN0001149482	DYRK1B	control	poscon_cp	CATGACTACATCGTGCGCAG	
BRDN0001145575		control	negcon	CTCGGCCCACTTGCGTTATA	NO_SITE (5 zeros)
BRDN0001487205	PTGIS	trt		CGCCCAACAGCACTGCATGG	
BRDN0001487607	USP1	control	poscon_cp	GAAGTTAAACCCATAAACAA	
BRDN0000733096	HDAC3	control	poscon_cp	CTATTCCCATACCTGTGCCA	
BRDN0001490543	AGER	trt		TATCTGTGAAGGAACAGACC	
BRDN0001485023	DHH	trt		CCATTGCCGTGATGAACATG	
BRDN0001485385	CYP1A2	trt		GTCAGCACATGCCCGAGCAA	
BRDN0001487712	LPAR1	trt		TACTGGCTATTGCAATCGAG	
BRDN0001479791	CACNG1	trt		GCTTGGTACAAATCCGCCAG	
BRDN0001487609	HTR2C	trt		GTTACTGCACGGCCACACCG	
BRDN0001066838	DNMT3A	control	poscon_diverse	GCGTACCAGTACGACGACGA	
BRDN0001484463	S1PR4	trt		TGAAGAGCAGGCCCTCCCGT	
BRDN0001066751	DNMT3A	control	poscon_diverse	CGATGACGAGCCAGAGTACG	
BRDN0001146145		control	negcon	ATCAGGCCTTGTCCGTGATT	NO_SITE (5 zeros)
BRDN0001483958	TNNC1	trt		CATGATGGTTCGGTGCATGA	
BRDN0001057535	HDAC6	trt		CTATTGCATGTTCAACCACG	
BRDN0001484654	PARP3	trt		TGCCCGGGTGAGACACAAAG	
BRDN0001489120	CTSG	trt		GGGAACAGATACACTCCGAG	
BRDN0001065257	PORCN	trt		GTGACATGGCACAAGATGCG	
BRDN0000563764	BAX	trt		TCTGAGCAGATCATGAAGAC	
BRDN0001477860		control	negcon	TTAACTCGAACGCTCGAAAG	NO_SITE (5 zeros)
BRDN0001487440	GAA	trt		CCGGCGCTACATGATGATCG	
BRDN0001486303	GAA	trt		TCCAGCTAACAGGCGCTACG	
BRDN0001148950	CDK2	control	poscon_orf	CATGGGTGTAAGTACGAACA	
BRDN0001487520	PLA2G1B	trt		GCACGAGTATGAATAGGTGT	
BRDN0001480913	AKR1B1	trt		TGGTGCACGTACCATGAGAA	
BRDN0001482741	GABRB2	control	poscon_diverse	GGATGAACAAAACTGCACCT	
BRDN0001486451	CA5A	trt		AGACCGGGACCGTCCAGAGT	
BRDN0001488371	COMT	trt		CTGGGACGCTCCAACCACAA	
BRDN0001144990	PRKCB	trt		CCACAGTGGTCACAAAACGT	
BRDN0001480501	CDK9	trt		AATGTGCTTATCACTCGTGA	
BRDN0000562944	AURKB	control	poscon_cp	TTCACGTTGGCAGCACCTGA	
BRDN0001052307	PTK2B	trt		AATCCACTCCTACCTCCACT	
BRDN0001145610	CHEK2	control	poscon_diverse	AGGTAAAGCTGGCTTTCGAG	
BRDN0001481787	HBB	trt		AGGAGTGGACAGATCCCCAA	
BRDN0001147812		control	negcon	CTTACAATCGTCGGTCCAAT	NO_SITE (5 zeros)
BRDN0001147209	CLK1	control	poscon_cp	GAGATCACATAGCAGTGCCC	
BRDN0001479324	HTR2C	trt		CGTCCCTCAGTCCAATCACA	
BRDN0001477634		control	negcon	CCTCGGGCGTAAATACTCAT	NO_SITE (6 zeros)
BRDN0001148519		control	negcon	TGAATCGTAACCTCGCCATT	NO_SITE (5 zeros)
BRDN0001487249	CYP1A2	trt		CTTCGACCCTTACAATCAGG	
BRDN0001147629	PAK4	control	poscon_diverse	GGACGAGTTTGAGAACATGT	
BRDN0001484348	RPL23A	trt		GCACGTCACCCACCTTCCGG	
BRDN0001146786	BRD4	control	poscon_cp	CACCAAACTCCTGAGCATCA	
BRDN0001480309	ASIC1	trt		AAGTGCTACACGTTCAACTC	
BRDN0001065858	JAK1	control	poscon_cp	TGGTTTCATTCGAATGACGG	
BRDN0001065728	IGF1R	control	poscon_cp	TTCCGAAATTTACCGCATGG	
BRDN0000585461	HCK	trt		CCGTGCGAGACTACGACCCT	
BRDN0001482977	HIF1A	trt		ACTTTGTCTAGTGCTTCCAT	
BRDN0001488358	GJB4	trt		GAGGAAGCCAGCATCCACGG	
BRDN0001488340	P3H1	trt		GAAGGGCCCTATGACTACGA	
BRDN0001065187	PPARD	trt		GCACCACAGTGGAGACCGTG	
BRDN0001148507	PRKCB	trt		CTTGCTGGATGTGATACATG	
BRDN0001146512	CLK1	control	poscon_cp	TTCACATCGTCGTTCACATG	
BRDN0001147867	PAK1	control	poscon_cp	ATCCTAAGAAGAAATATACA	
BRDN0001065258	PORCN	trt		TGCCGACATTCCTCCCATCG	
BRDN0001484786	RGS4	trt		ACCATCTAAACTAAGTCCCA	
BRDN0001484218	USP1	control	poscon_cp	GGCGACTGCTTAACACACTG	
BRDN0001148298	PTK2B	trt		TTGGTAAAAATAGAGCAGCG	
BRDN0001149418	DYRK1B	control	poscon_cp	AGGCTCGCAAGTACTTTGAA	
BRDN0001487201	TNF	trt		GGAGCTGAGAGATAACCAGC	
BRDN0001162582	PDPK1	trt		CAAGTTTGGGAAAATCCTTG	
BRDN0001483830	ELANE	trt		CCCCGGCAGAAACGTCCGCG	
BRDN0001483666	KCNK1	trt		CTCTACTTCCACATCCGCTG	
BRDN0001482450	SLC29A1	trt		GGCTGTGATAAAGTAGCCGA	
BRDN0000990412	FPR1	trt		GGTGAAACAGAAGTCAGCCA	
BRDN0001480256	CACNG1	trt		TTCGAATTCACCACTCAGAA	
BRDN0001481578	CACNA2D3	trt		TAGTAGCGTTGACCTCTCTG	
BRDN0001484276	HSD11B1	trt		CCTCGCTGTCACCACCACAT	
BRDN0001484377	HTR3A	trt		AATGACGTCAATGGATACGG	
BRDN0001479616	TGM2	trt		ACGCTGGGACAACAACTACG	
BRDN0001066250	CCND1	trt		GTGTTCAATGAAATCGTGCG	
BRDN0001486925	ADA	trt		TGGACATACTCAAGACAGAG	
BRDN0001485608	CACNA2D3	trt		ACGCAGCCTCTCGTCCAATG	
BRDN0001054403	PDE3A	trt		CATGATCGCCTTGACTAGCG	
BRDN0001486449	ALDH2	trt		TTCCACGGCCCAATCCACTG	
BRDN0001148112	NTRK1	trt		AGGGCACAAGAACAGTGCAG	
BRDN0001145503	LCK	trt		GCTGGTTCGGCTCTACGCTG	
BRDN0001061132	ADORA2A	trt		AGTACACCATGTAGTTCATG	
BRDN0001145758	LCK	trt		CTACAACGGGCACACGAAGG	
BRDN0001486718	KCNH7	trt		ATTATCCAAAGACTATACTC	
BRDN0001480476	CCR1	trt		AACTTGTAGTCGATCCAGAA	
BRDN0001146819	KDR	trt		CAAGAACTGAACTAAATGTG	
BRDN0001056840	SIRT2	trt		GTACCATCTTCCCTACCCAG	
BRDN0001480865	HTR3A	trt		AGCAGTTCTGGACATCGAAG	
BRDN0001481609	P2RY12	trt		CCAACCCCAAAAATCTCTTG	
BRDN0001486606	CHRM2	trt		CGATAATGGTCACCAAACTG	
BRDN0001488463	HSD11B1	trt		GCAGAATAGGCAGCAACCAT	
BRDN0001479710	ADA	trt		CACAGACTGGTCCCCCAAGG	
BRDN0001484586	CATSPER4	trt		GGAGTTGGTACGGAGAGCGA	
BRDN0001053816	CDK4	trt		CCAGTGGCTGAAATTGGTGT	
BRDN0001479262	ADH1C	trt		AGCAGCCAGAATCATTGCTG	
BRDN0001483086	SLC7A11	trt		AAGGGCGTGCTCCAGAACAC	
BRDN0000563722	PDE4D	trt		GCTCCGAGAAAGCAAATCAC	
BRDN0001486813	TBXAS1	trt		GGGACGCATTTGACATCCAG	
BRDN0001483549	GRIN2A	trt		CATGATCTTCAGCATGACCG	
BRDN0001480942	SSTR2	trt		CATCGACCGATACCTGGCTG	
BRDN0001489498	KCNQ2	trt		GCTGACCACCATTGGCTACG	
BRDN0001488605	HPGDS	trt		AGATATTTGACCAAAAACAC	
BRDN0001485163	SCNN1G	trt		CCATGGCTGTCGCCGCATCG	
BRDN0001485309	KCNH7	trt		AGGTCCGGATATATTCACCA	
BRDN0001144958	BTK	trt		ATAAGGAGTTACCGTATCCC	
BRDN0001054361	PDE3A	trt		GGTCACAGCCGACCTCCCCG	
BRDN0001481136	P2RY12	trt		CCGGTCATACGTAAGAACGA	
BRDN0001145303	ABL1	trt		GGTTCATCATCATTCAACGG	
BRDN0001484228	GPR119	trt		CATTGCTACTAACACACTAG	
BRDN0000735603	TGFBR1	trt		TTACGTCATGAAAACATCCT	
